<?xml version="1.0"?>
<assembly>
	<id>bin</id>
	<formats>
		<format>zip</format>
	</formats>
	<includeBaseDirectory>false</includeBaseDirectory>
	<dependencySets>
		<dependencySet>
			<unpack>false</unpack>
			<outputDirectory>/</outputDirectory>
			<useProjectArtifact>false</useProjectArtifact>
			<useTransitiveFiltering>true</useTransitiveFiltering>
			<excludes>
				<exclude>org.elasticsearch:elasticsearch</exclude>
			</excludes>
		</dependencySet>
	</dependencySets>
	<files>
		<file>
			<source>src/main/resources/plugin-descriptor.properties</source>
		</file>
	</files>
	<fileSets>
		<fileSet>
			<directory>${project.build.directory}/</directory>
			<outputDirectory>/</outputDirectory>
			<includes>
				<include>${project.name}-${project.version}.jar</include>
			</includes>
		</fileSet>
	</fileSets>
</assembly>
