{
  "settings" : {
    "index" : {
      "analysis": {
        "analyzer": {
          "en": {
            "tokenizer": "standard",
            "filter": [
             "asciifolding",
             "lowercase",
             "ourEnglishFilter"
            ]
          }
        },
        "filter": {
          "ourEnglishFilter": {
            "type": "kstem"
          }
        }
      }
    }
  },
  "mappings" : {
    "post" : {
      "properties" : {                
        "id": { "type" : "long" },
        "name": { "type" : "string", "analyzer": "en" }           
      }
    }
  }
}

